Year,K,Season Weight,Avg Weight,Team Proj Weight,Player Proj Weight,NSims,MAE,RSS,Playoff Brier
2019.0,6.0,0.8,0.19999999999999996,0.25,0.75,10000.0,7.901709999999999,2983.797022989999,0.32167741935483873
2019.0,6.0,0.8,0.19999999999999996,0.5,0.5,10000.0,7.95307,3116.254601369999,0.33636774193548385
2019.0,6.0,0.8,0.19999999999999996,0.75,0.25,10000.0,8.328143333333335,3540.84088981,0.3542709677419355
